{"cameraMode":{"drawMode":0,"name":"Shaded","section":"Shading Mode"},"sceneLighting":false,"audioPlay":false,"sceneViewState":{"showFog":true,"showMaterialUpdate":false,"showSkybox":false,"showFlares":true,"showImageEffects":true,"showParticleSystems":true},"in2DMode":false,"pivot":{"x":231.20001220703126,"y":314.1403503417969,"z":0.0},"rotation":{"x":0.007809797767549753,"y":0.002994829323142767,"z":-0.000023540018446510658,"w":0.9999678730964661},"size":232.00253295898438,"orthographic":false}