{"cameraMode":{"drawMode":0,"name":"Shaded","section":"Shading Mode"},"sceneLighting":false,"audioPlay":false,"sceneViewState":{"showFog":true,"showMaterialUpdate":false,"showSkybox":false,"showFlares":true,"showImageEffects":true,"showParticleSystems":true},"in2DMode":false,"pivot":{"x":594.8504028320313,"y":251.54034423828126,"z":0.36224365234375},"rotation":{"x":0.007809797767549753,"y":0.002994829323142767,"z":-0.000023540018446510658,"w":0.9999678730964661},"size":224.76220703125,"orthographic":false}